episode_reward_max,episode_reward_min,episode_reward_mean,episode_len_mean,episodes_this_iter,num_faulty_episodes,num_healthy_workers,num_in_flight_async_reqs,num_remote_worker_restarts,num_agent_steps_sampled,num_agent_steps_trained,num_env_steps_sampled,num_env_steps_trained,num_env_steps_sampled_this_iter,num_env_steps_trained_this_iter,num_env_steps_sampled_throughput_per_sec,num_env_steps_trained_throughput_per_sec,timesteps_total,num_steps_trained_this_iter,agent_timesteps_total,done,episodes_total,training_iteration,trial_id,date,timestamp,time_this_iter_s,time_total_s,pid,hostname,node_ip,time_since_restore,iterations_since_restore,info/num_env_steps_sampled,info/num_env_steps_trained,info/num_agent_steps_sampled,info/num_agent_steps_trained,info/last_target_update_ts,info/num_target_updates,sampler_results/episode_reward_max,sampler_results/episode_reward_min,sampler_results/episode_reward_mean,sampler_results/episode_len_mean,sampler_results/episodes_this_iter,sampler_results/num_faulty_episodes,hist_stats/episode_reward,hist_stats/episode_lengths,sampler_perf/mean_raw_obs_processing_ms,sampler_perf/mean_inference_ms,sampler_perf/mean_action_processing_ms,sampler_perf/mean_env_wait_ms,sampler_perf/mean_env_render_ms,connector_metrics/ObsPreprocessorConnector_ms,connector_metrics/StateBufferConnector_ms,connector_metrics/ViewRequirementAgentConnector_ms,timers/training_iteration_time_ms,timers/sample_time_ms,timers/load_time_ms,timers/load_throughput,timers/learn_time_ms,timers/learn_throughput,timers/synch_weights_time_ms,counters/num_env_steps_sampled,counters/num_env_steps_trained,counters/num_agent_steps_sampled,counters/num_agent_steps_trained,counters/last_target_update_ts,counters/num_target_updates,perf/cpu_util_percent,perf/ram_util_percent,sampler_results/hist_stats/episode_reward,sampler_results/hist_stats/episode_lengths,sampler_results/sampler_perf/mean_raw_obs_processing_ms,sampler_results/sampler_perf/mean_inference_ms,sampler_results/sampler_perf/mean_action_processing_ms,sampler_results/sampler_perf/mean_env_wait_ms,sampler_results/sampler_perf/mean_env_render_ms,sampler_results/connector_metrics/ObsPreprocessorConnector_ms,sampler_results/connector_metrics/StateBufferConnector_ms,sampler_results/connector_metrics/ViewRequirementAgentConnector_ms,info/learner/default_policy/td_error,info/learner/default_policy/mean_td_error,info/learner/default_policy/num_agent_steps_trained,info/learner/default_policy/num_grad_updates_lifetime,info/learner/default_policy/diff_num_grad_updates_vs_sampler_policy,info/learner/default_policy/learner_stats/allreduce_latency,info/learner/default_policy/learner_stats/grad_gnorm,info/learner/default_policy/learner_stats/cur_lr
-99.95974640971444,-299.3571960601094,-173.08821496279285,43.43478260869565,23,0,0,0,0,1002,78,1002,78,1002,78,0.30314950608457003,0.02359846454550545,1002,78,1002,False,23,1,9800d_00000,2026-03-27_13-33-05,1774614785,3305.299793958664,3305.299793958664,24976,LENOVO-T14,127.0.0.1,3305.299793958664,1,1002,78,1002,78,1002,1,-99.95974640971444,-299.3571960601094,-173.08821496279285,43.43478260869565,23,0,"[-136.9993082053299, -109.98688936542084, -179.77272040820833, -199.99440974441757, -199.99492858923568, -179.98001001708374, -149.68864703087058, -149.84779845047115, -159.56111441151626, -268.1336868387938, -119.72026315947112, -159.99936994615314, -299.3571960601094, -127.38587818617809, -289.7405132546485, -138.90306038870233, -169.93395240757005, -106.18630671617909, -199.8020602781194, -129.9323855376051, -259.281800670852, -99.95974640971444, -146.8668980675847]","[40, 37, 44, 46, 46, 44, 41, 41, 42, 53, 38, 42, 56, 39, 55, 40, 43, 38, 46, 39, 52, 36, 41]",3139.447324891628,9.745547445797373,0.5256963275365556,144.1504339634599,0.0,0.021855727485988453,0.0,0.2261576445206352,13738.38,13715.985,0.0,0.0,76.522,1019.32,0.0,1002,78,1002,78,1002,1,12.263058305830585,49.37852585258526,"[-136.9993082053299, -109.98688936542084, -179.77272040820833, -199.99440974441757, -199.99492858923568, -179.98001001708374, -149.68864703087058, -149.84779845047115, -159.56111441151626, -268.1336868387938, -119.72026315947112, -159.99936994615314, -299.3571960601094, -127.38587818617809, -289.7405132546485, -138.90306038870233, -169.93395240757005, -106.18630671617909, -199.8020602781194, -129.9323855376051, -259.281800670852, -99.95974640971444, -146.8668980675847]","[40, 37, 44, 46, 46, 44, 41, 41, 42, 53, 38, 42, 56, 39, 55, 40, 43, 38, 46, 39, 52, 36, 41]",3139.447324891628,9.745547445797373,0.5256963275365556,144.1504339634599,0.0,0.021855727485988453,0.0,0.2261576445206352,"[2.3028235 2.273573  2.4189935 2.2569659 2.2347505 2.39522   1.5713106
 1.7036798 1.7641279 2.1923945 2.3856292 1.0475217 2.2772186 1.9916774
 2.0954723 2.3141367 2.564509  2.4898505 2.3564537 2.3625321 2.4404385
 2.4075618 2.9087775 2.5112746 1.4763099 2.3564575 1.6398491 2.271704
 2.26579   2.3061352 1.9916832 2.068955  2.4539752 2.448036  2.3039575
 2.2937748 2.4125948 2.3033736 2.5330896 1.7723106 2.2936952 2.3027167
 2.530403  2.2503076 2.4106622 2.5282054 2.3030026 2.3039575 2.306136
 1.9902719 2.3580322 2.365961  1.8445958 2.4264603 1.9916832 2.3285484
 2.4127603 2.2553732 2.3000367 2.3020155 2.2846365 2.4404287 2.3236923
 2.4140759 2.293082  1.7693943 2.3228824 2.302799  1.9902719 2.4538643
 1.9135298 2.309216  2.3396168 2.3988175 2.3132753 2.2116804 2.3894722
 2.302717 ]",2.2402968406677246,78.0,1.0,0.0,0.0,22.35603141784668,0.01
-49.29145619284227,-320.00272314630166,-150.39172835659465,41.145833333333336,25,0,0,0,0,2004,26130,2004,26130,1002,26052,0.3540376699290803,9.204979418156087,2004,26052,2004,False,48,2,9800d_00000,2026-03-27_14-20-15,1774617615,2830.207305908203,6135.507099866867,24976,LENOVO-T14,127.0.0.1,6135.507099866867,2,2004,26130,2004,26130,2004,3,-49.29145619284227,-320.00272314630166,-150.39172835659465,41.145833333333336,25,0,"[-136.9993082053299, -109.98688936542084, -179.77272040820833, -199.99440974441757, -199.99492858923568, -179.98001001708374, -149.68864703087058, -149.84779845047115, -159.56111441151626, -268.1336868387938, -119.72026315947112, -159.99936994615314, -299.3571960601094, -127.38587818617809, -289.7405132546485, -138.90306038870233, -169.93395240757005, -106.18630671617909, -199.8020602781194, -129.9323855376051, -259.281800670852, -99.95974640971444, -146.8668980675847, -139.50801392809677, -79.94312660424693, -150.00062056239219, -49.29145619284227, -219.9271042993963, -129.95485847018435, -85.13413419096247, -109.99009952566456, -80.00002573054314, -69.35035279875592, -140.00040486823076, -116.05064112782478, -99.2330128290457, -320.00272314630166, -194.1703017735935, -118.21174598646616, -119.79573311676343, -209.91959132851636, -150.0009232378013, -109.71745148136992, -129.48316588347478, -150.0009228001837, -69.61596878884728, -89.89142150996531, -108.58021679083834]","[40, 37, 44, 46, 46, 44, 41, 41, 42, 53, 38, 42, 56, 39, 55, 40, 43, 38, 46, 39, 52, 36, 41, 40, 34, 41, 31, 48, 39, 35, 37, 34, 33, 40, 38, 36, 58, 46, 38, 38, 47, 41, 37, 39, 41, 33, 35, 37]",3041.5251368822574,9.574008436030125,0.4907313616128744,106.70290080225475,0.0,0.014676650365193685,0.003437201182047526,0.23825764656066895,4741.26,4686.386,0.375,208140.802,13.348,5843.485,0.0,2004,26130,2004,26130,2004,3,16.348620337250892,50.73311190597855,"[-136.9993082053299, -109.98688936542084, -179.77272040820833, -199.99440974441757, -199.99492858923568, -179.98001001708374, -149.68864703087058, -149.84779845047115, -159.56111441151626, -268.1336868387938, -119.72026315947112, -159.99936994615314, -299.3571960601094, -127.38587818617809, -289.7405132546485, -138.90306038870233, -169.93395240757005, -106.18630671617909, -199.8020602781194, -129.9323855376051, -259.281800670852, -99.95974640971444, -146.8668980675847, -139.50801392809677, -79.94312660424693, -150.00062056239219, -49.29145619284227, -219.9271042993963, -129.95485847018435, -85.13413419096247, -109.99009952566456, -80.00002573054314, -69.35035279875592, -140.00040486823076, -116.05064112782478, -99.2330128290457, -320.00272314630166, -194.1703017735935, -118.21174598646616, -119.79573311676343, -209.91959132851636, -150.0009232378013, -109.71745148136992, -129.48316588347478, -150.0009228001837, -69.61596878884728, -89.89142150996531, -108.58021679083834]","[40, 37, 44, 46, 46, 44, 41, 41, 42, 53, 38, 42, 56, 39, 55, 40, 43, 38, 46, 39, 52, 36, 41, 40, 34, 41, 31, 48, 39, 35, 37, 34, 33, 40, 38, 36, 58, 46, 38, 38, 47, 41, 37, 39, 41, 33, 35, 37]",3041.5251368822574,9.574008436030125,0.4907313616128744,106.70290080225475,0.0,0.014676650365193685,0.003437201182047526,0.23825764656066895,"[0.399184   2.3221483  2.3485973  2.3221369  2.3221412  2.3485925
 0.35816148 1.5721256  1.2496054  1.2495029  2.3572326  2.322149
 2.0625153  2.3486512  1.663009   2.3572304  1.5988823  1.5721253
 1.6630094  2.3485909  1.2495192  1.6630129  1.577979   2.1048658
 2.3572526  1.1784487  1.2495085  2.3572412  0.399184   2.3572316
 1.2495087  2.3572307  0.35816148 2.3572314  1.2706231  1.2706337
 2.357327   1.6630142  2.3572364  1.577979   2.3572614  2.3221362
 2.3221405  2.322136   2.3221362  2.5230088  1.2495029  2.3221455
 2.3221362  2.3572302  2.3486338  1.2706248  2.32214    2.3221426
 2.35723    2.3485928  2.3221364  1.66301    2.3485937  2.104868
 2.3572416  2.3572326  0.35816148 2.3221412  1.5721695  2.3221369
 1.2495029  0.399184   1.5988809  1.1785403  1.2706323  2.322137
 2.3221364  2.3572452  2.3486934  1.2706404  1.2706231  1.5779778 ]",1.851049542427063,78.0,335.0,253.2948717948718,0.0,0.03181345760822296,0.01
