episode_reward_max,episode_reward_min,episode_reward_mean,episode_len_mean,episodes_this_iter,num_faulty_episodes,num_healthy_workers,num_in_flight_async_reqs,num_remote_worker_restarts,num_agent_steps_sampled,num_agent_steps_trained,num_env_steps_sampled,num_env_steps_trained,num_env_steps_sampled_this_iter,num_env_steps_trained_this_iter,num_env_steps_sampled_throughput_per_sec,num_env_steps_trained_throughput_per_sec,timesteps_total,num_steps_trained_this_iter,agent_timesteps_total,done,episodes_total,training_iteration,trial_id,date,timestamp,time_this_iter_s,time_total_s,pid,hostname,node_ip,time_since_restore,iterations_since_restore,info/num_env_steps_sampled,info/num_env_steps_trained,info/num_agent_steps_sampled,info/num_agent_steps_trained,info/last_target_update_ts,sampler_results/episode_reward_max,sampler_results/episode_reward_min,sampler_results/episode_reward_mean,sampler_results/episode_len_mean,sampler_results/episodes_this_iter,sampler_results/num_faulty_episodes,hist_stats/episode_reward,hist_stats/episode_lengths,sampler_perf/mean_raw_obs_processing_ms,sampler_perf/mean_inference_ms,sampler_perf/mean_action_processing_ms,sampler_perf/mean_env_wait_ms,sampler_perf/mean_env_render_ms,connector_metrics/ObsPreprocessorConnector_ms,connector_metrics/StateBufferConnector_ms,connector_metrics/ViewRequirementAgentConnector_ms,timers/training_iteration_time_ms,timers/sample_time_ms,timers/load_time_ms,timers/load_throughput,timers/learn_time_ms,timers/learn_throughput,timers/synch_weights_time_ms,counters/num_env_steps_sampled,counters/num_env_steps_trained,counters/num_agent_steps_sampled,counters/num_agent_steps_trained,counters/last_target_update_ts,perf/cpu_util_percent,perf/ram_util_percent,sampler_results/hist_stats/episode_reward,sampler_results/hist_stats/episode_lengths,sampler_results/sampler_perf/mean_raw_obs_processing_ms,sampler_results/sampler_perf/mean_inference_ms,sampler_results/sampler_perf/mean_action_processing_ms,sampler_results/sampler_perf/mean_env_wait_ms,sampler_results/sampler_perf/mean_env_render_ms,sampler_results/connector_metrics/ObsPreprocessorConnector_ms,sampler_results/connector_metrics/StateBufferConnector_ms,sampler_results/connector_metrics/ViewRequirementAgentConnector_ms,info/learner/default_policy/td_error,info/learner/default_policy/mean_td_error,info/learner/default_policy/num_agent_steps_trained,info/learner/default_policy/num_grad_updates_lifetime,info/learner/default_policy/diff_num_grad_updates_vs_sampler_policy,info/learner/default_policy/learner_stats/allreduce_latency,info/learner/default_policy/learner_stats/grad_gnorm,info/learner/default_policy/learner_stats/cur_lr
-79.73708675021105,-89.90547758906689,-84.82128216963898,23.5,2,0,0,0,0,50,78,50,78,50,78,26.198494239185035,40.86965101312865,50,78,50,False,2,1,8cf80_00000,2026-03-27_15-45-26,1774622726,1.9085066318511963,1.9085066318511963,21452,DESKTOP-RSLJLCQ,127.0.0.1,1.9085066318511963,1,50,78,50,78,0,-79.73708675021105,-89.90547758906689,-84.82128216963898,23.5,2,0,"[-79.73708675021105, -89.90547758906689]","[23, 24]",15.834621354645375,5.651997584922642,0.10605419383329505,9.516327988867667,0.0,0.06406307220458984,0.0,0.2606511116027832,1908.507,1644.875,0.0,0.0,204.695,381.055,0.0,50,78,50,78,0,38.63333333333333,93.23333333333333,"[-79.73708675021105, -89.90547758906689]","[23, 24]",15.834621354645375,5.651997584922642,0.10605419383329505,9.516327988867667,0.0,0.06406307220458984,0.0,0.2606511116027832,"[2.4107347  0.60344356 3.2588162  5.443528   5.480094   3.2588162
 2.792613   2.3488648  0.60344356 2.5398834  2.5443406  2.6165211
 2.5443406  1.8964412  0.56688255 1.6116997  1.1279272  2.013572
 2.5443406  2.5398834  2.6165211  3.444005   1.9766426  6.5013638
 2.7926238  1.8964412  2.3496335  1.6116997  2.1117215  2.3488648
 2.013572   1.6106244  2.6165211  2.792613   1.7856525  5.443528
 5.577133   0.92866427 2.5443585  0.5853872  2.013572   2.4069736
 1.1279272  2.4107347  0.5853872  2.3496335  5.945952   3.6335695
 2.6780887  2.013024   0.56688255 3.6335695  2.013572   1.1270018
 2.013024   3.444005   1.6116997  2.013024   2.6780887  2.013572
 2.3496335  2.3419247  2.3496335  0.77546287 1.1390972  2.3496335
 2.1495001  0.56688255 5.576995   6.5013638  1.6106244  2.6165211
 2.49589    2.1495001  1.1390972  2.0130186  5.4800253  2.4107182 ]",2.494725465774536,78.0,1.0,0.0,0.0,32.68768310546875,0.01
-79.61714988432252,-89.90547758906689,-83.08657140786683,23.333333333333332,1,0,0,0,0,100,156,100,156,50,78,75.70112316152914,118.09375213198547,100,78,100,True,3,2,8cf80_00000,2026-03-27_15-45-26,1774622726,0.6615054607391357,2.570012092590332,21452,DESKTOP-RSLJLCQ,127.0.0.1,2.570012092590332,2,100,156,100,156,0,-79.61714988432252,-89.90547758906689,-83.08657140786683,23.333333333333332,1,0,"[-79.73708675021105, -89.90547758906689, -79.61714988432252]","[23, 24, 23]",14.294100727285452,5.390322726034991,0.11586855971866432,8.029186493415613,0.0,0.0427087148030599,0.0,0.23482640584309897,1284.499,1104.849,0.0,0.0,122.725,635.57,0.0,100,156,100,156,0,27.5,93.1,"[-79.73708675021105, -89.90547758906689, -79.61714988432252]","[23, 24, 23]",14.294100727285452,5.390322726034991,0.11586855971866432,8.029186493415613,0.0,0.0427087148030599,0.0,0.23482640584309897,"[2.2962599 2.2984438 2.2919571 2.2938716 2.3087869 2.3087866 2.3086796
 2.308787  2.2919574 2.3299055 2.2919571 2.3299055 2.2987823 2.3299057
 2.3299057 2.2995877 2.2919571 2.3019054 2.3012552 2.2658215 2.3299055
 2.3378654 2.3088055 2.3123076 2.3378792 2.2919576 2.3299057 2.2984438
 2.2938716 2.2938719 2.2919571 2.337871  2.292935  2.3299055 2.3299053
 2.2938719 2.2919571 2.3299055 2.325784  2.2919571 2.2938714 2.3378742
 2.2919576 2.2938719 2.2996063 2.2919574 2.3123076 2.2987812 2.2979548
 2.3378553 2.2881205 2.3378553 2.3094127 2.2979548 2.298263  2.3377151
 2.3378792 2.3299055 2.3299057 2.325785  2.2996063 2.3299055 2.2938714
 2.2962599 2.3087869 2.3019476 2.3238163 2.2658215 2.297347  2.3087869
 2.2984438 2.3299055 2.2658215 2.3005323 2.2984438 2.3123083 2.2919574
 2.3058197]",2.307788610458374,78.0,2.0,0.4871794871794872,0.0,0.6926979422569275,0.01
